"ensgene","moduleMembership","GS.trait","symbol","chr","description","moduleName"
"ENSMUSG00000003068",0.855764848993423,0.239067319520407,"Stk11","10","serine/threonine kinase 11","red"
"ENSMUSG00000006024",0.800119892139292,0.266194975760257,"Napa","7","N-ethylmaleimide sensitive fusion protein attachment protein alpha","red"
"ENSMUSG00000007655",0.820569556754213,0.366254423413957,"Cav1","6","caveolin 1, caveolae protein","red"
"ENSMUSG00000019913",0.843665971349663,0.258334150625247,"Sim1","10","single-minded family bHLH transcription factor 1","red"
"ENSMUSG00000022257",0.831302491656377,0.305314915166389,"Laptm4b","15","lysosomal-associated protein transmembrane 4B","red"
"ENSMUSG00000027030",0.821502422776261,0.24533445717112,"Stk39","2","serine/threonine kinase 39","red"
"ENSMUSG00000027200",0.810621942175323,0.320296075331131,"Sema6d","2","sema domain, transmembrane domain (TM), and cytoplasmic domain, (semaphorin) 6D","red"
"ENSMUSG00000036834",0.802106391045381,0.528114023243325,"Plch1","3","phospholipase C, eta 1","red"
"ENSMUSG00000042429",0.804067027176751,0.344216465363457,"Adora1","1","adenosine A1 receptor","red"
"ENSMUSG00000043456",0.847512694662284,0.266400392710808,"Zfp536","7","zinc finger protein 536","red"
"ENSMUSG00000071005",0.884089109344874,0.210122315259011,"Ccl19","4","chemokine (C-C motif) ligand 19","red"
"ENSMUSG00000090125",0.945935501885188,0.216205678296757,"Pou3f1","4","POU domain, class 3, transcription factor 1","red"
"ENSMUSG00000000184",0.907176153211941,-0.358529862901988,"Ccnd2","6","cyclin D2","brown"
"ENSMUSG00000000247",0.857916503565029,-0.284171230061391,"Lhx2","2","LIM homeobox protein 2","brown"
"ENSMUSG00000000305",0.821526894315553,-0.375757757297353,"Cdh4","2","cadherin 4","brown"
"ENSMUSG00000000416",0.902086386175598,-0.311130585530796,"Cttnbp2","6","cortactin binding protein 2","brown"
"ENSMUSG00000000489",0.874151326986621,-0.380094326832603,"Pdgfb","15","platelet derived growth factor, B polypeptide","brown"
"ENSMUSG00000000560",0.924120824157371,-0.269058691865761,"Gabra2","5","gamma-aminobutyric acid (GABA) A receptor, subunit alpha 2","brown"
"ENSMUSG00000001323",0.840690411605013,-0.379012622624405,"Srr","11","serine racemase","brown"
"ENSMUSG00000001986",0.8730888194846,-0.237470903810216,"Gria3","X","glutamate receptor, ionotropic, AMPA3 (alpha 3)","brown"
"ENSMUSG00000002489",0.921024686694262,-0.299791749306883,"Tiam1","16","T cell lymphoma invasion and metastasis 1","brown"
"ENSMUSG00000003279",0.916221120288371,-0.289895243349427,"Dlgap1","17","DLG associated protein 1","brown"
"ENSMUSG00000003469",0.867333629431361,-0.219377666457753,"Phyhip","14","phytanoyl-CoA hydroxylase interacting protein","brown"
"ENSMUSG00000004031",0.800200170507276,-0.482511552901535,"Brinp2","1","bone morphogenic protein/retinoic acid inducible neural-specific 2","brown"
"ENSMUSG00000004110",0.880998096689205,-0.37036237949278,"Cacna1e","1","calcium channel, voltage-dependent, R type, alpha 1E subunit","brown"
"ENSMUSG00000005506",0.930268960154993,-0.282525154439866,"Celf1","2","CUGBP, Elav-like family member 1","brown"
"ENSMUSG00000006435",0.920840100812653,-0.320648580921341,"Neurl1a","19","neuralized E3 ubiquitin protein ligase 1A","brown"
"ENSMUSG00000006476",0.903999690586169,-0.406074566797677,"Nsmf","2","NMDA receptor synaptonuclear signaling and neuronal migration factor","brown"
"ENSMUSG00000008575",0.888780258618359,-0.325814560440263,"Nfib","4","nuclear factor I/B","brown"
"ENSMUSG00000009569",0.808039351529768,-0.339414814671319,"Mrtfb","16","myocardin related transcription factor B","brown"
"ENSMUSG00000014164",0.925492584706325,-0.340799210039088,"Klhl3","13","kelch-like 3","brown"
"ENSMUSG00000015143",0.893510432722749,-0.412394360392521,"Actn1","12","actinin, alpha 1","brown"
"ENSMUSG00000015568",0.886336929937763,-0.337194887494352,"Lpl","8","lipoprotein lipase","brown"
"ENSMUSG00000017493",0.839953446282502,-0.284383491746193,"Igfbp4","11","insulin-like growth factor binding protein 4","brown"
"ENSMUSG00000019831",0.873580221180319,-0.249901579510053,"Wasf1","10","WASP family, member 1","brown"
"ENSMUSG00000019907",0.817827226072332,-0.233437917901271,"Ppp1r12a","10","protein phosphatase 1, regulatory subunit 12A","brown"
"ENSMUSG00000020015",0.918764975552142,-0.295958877479749,"Cdk17","10","cyclin-dependent kinase 17","brown"
"ENSMUSG00000020061",0.823887059628772,-0.3799726242971,"Mybpc1","10","myosin binding protein C, slow-type","brown"
"ENSMUSG00000020524",0.803827618838242,-0.483817820893215,"Gria1","11","glutamate receptor, ionotropic, AMPA1 (alpha 1)","brown"
"ENSMUSG00000020827",0.810000272061217,-0.20956590678493,"Mink1","11","misshapen-like kinase 1 (zebrafish)","brown"
"ENSMUSG00000021071",0.839121248009244,-0.246704485357165,"Trim9","12","tripartite motif-containing 9","brown"
"ENSMUSG00000021275",0.859062325261664,-0.260288577291107,"Tecpr2","12","tectonin beta-propeller repeat containing 2","brown"
"ENSMUSG00000021373",0.900385421868977,-0.208584417822238,"Cap2","13","CAP, adenylate cyclase-associated protein, 2 (yeast)","brown"
"ENSMUSG00000021559",0.884028395186333,-0.42702965509968,"Dapk1","13","death associated protein kinase 1","brown"
"ENSMUSG00000021680",0.887193272744559,-0.306076765822564,"Crhbp","13","corticotropin releasing hormone binding protein","brown"
"ENSMUSG00000021770",0.804963260254687,-0.23856509855666,"Samd8","14","sterile alpha motif domain containing 8","brown"
"ENSMUSG00000021779",0.922404945073844,-0.22938489461841,"Thrb","14","thyroid hormone receptor beta","brown"
"ENSMUSG00000022010",0.842272594778777,-0.32785492808589,"Tsc22d1","14","TSC22 domain family, member 1","brown"
"ENSMUSG00000022099",0.803691392388213,-0.357470288057402,"Dmtn","14","dematin actin binding protein","brown"
"ENSMUSG00000022283",0.82337899285249,-0.353728491454453,"Pabpc1","15","poly(A) binding protein, cytoplasmic 1","brown"
"ENSMUSG00000022306",0.870940757053597,-0.348947984777446,"Zfpm2","15","zinc finger protein, multitype 2","brown"
"ENSMUSG00000022454",0.898055901415029,-0.244547515883957,"Nell2","15","NEL-like 2","brown"
"ENSMUSG00000022696",0.881902222746924,-0.206802336432673,"Sidt1","16","SID1 transmembrane family, member 1","brown"
"ENSMUSG00000022773",0.839843043030212,-0.412535132171675,"Ypel1","16","yippee like 1","brown"
"ENSMUSG00000022861",0.947757900260089,-0.372246423196666,"Dgkg","16","diacylglycerol kinase, gamma","brown"
"ENSMUSG00000022863",0.860363396301616,-0.328653356304927,"Btg3","16","BTG anti-proliferation factor 3","brown"
"ENSMUSG00000024456",0.961133768618385,-0.274059312100308,"Diaph1","18","diaphanous related formin 1","brown"
"ENSMUSG00000024479",0.933512403549293,-0.237950055191429,"Mal2","15","mal, T cell differentiation protein 2","brown"
"ENSMUSG00000024617",0.923755892500975,-0.326251583255968,"Camk2a","18","calcium/calmodulin-dependent protein kinase II alpha","brown"
"ENSMUSG00000024883",0.945901645269896,-0.359608480324391,"Rin1","19","Ras and Rab interactor 1","brown"
"ENSMUSG00000025020",0.838954873980692,-0.325436502020153,"Slit1","19","slit guidance ligand 1","brown"
"ENSMUSG00000025170",0.899983714839308,-0.266640087819157,"Rab40b","11","Rab40B, member RAS oncogene family","brown"
"ENSMUSG00000025221",0.833343089076122,-0.405491124555209,"Kcnip2","19","Kv channel-interacting protein 2","brown"
"ENSMUSG00000025372",0.900369740182481,-0.368448414882532,"Baiap2","11","brain-specific angiogenesis inhibitor 1-associated protein 2","brown"
"ENSMUSG00000025427",0.852083397722754,-0.209779106334406,"Rnf165","18","ring finger protein 165","brown"
"ENSMUSG00000025582",0.925096491045263,-0.201590989791935,"Nptx1","11","neuronal pentraxin 1","brown"
"ENSMUSG00000025790",0.849543134187079,-0.272672471749081,"Slco3a1","7","solute carrier organic anion transporter family, member 3a1","brown"
"ENSMUSG00000025876",0.874233118117821,-0.241085735372194,"Unc5a","13","unc-5 netrin receptor A","brown"
"ENSMUSG00000026090",0.888094192338127,-0.348370810929899,"Cracdl","1","capping protein inhibiting regulator of actin like","brown"
"ENSMUSG00000026824",0.888651150370188,-0.296001347392589,"Kcnj3","2","potassium inwardly-rectifying channel, subfamily J, member 3","brown"
"ENSMUSG00000026827",0.877820370833761,-0.264224484588535,"Gpd2","2","glycerol phosphate dehydrogenase 2, mitochondrial","brown"
"ENSMUSG00000026904",0.810750619384015,-0.283219291860155,"Slc4a10","2","solute carrier family 4, sodium bicarbonate cotransporter-like, member 10","brown"
"ENSMUSG00000027287",0.865233042303552,-0.321341234910227,"Snap23","2","synaptosomal-associated protein 23","brown"
"ENSMUSG00000027296",0.930118298952479,-0.292832389517657,"Itpka","2","inositol 1,4,5-trisphosphate 3-kinase A","brown"
"ENSMUSG00000027782",0.813810917046648,-0.28686734256439,"Kpna4","3","karyopherin (importin) alpha 4","brown"
"ENSMUSG00000028126",0.911686015586826,-0.262872653570486,"Pip5k1a","3","phosphatidylinositol-4-phosphate 5-kinase, type 1 alpha","brown"
"ENSMUSG00000028161",0.90954366707442,-0.26829016050996,"Ppp3ca","3","protein phosphatase 3, catalytic subunit, alpha isoform","brown"
"ENSMUSG00000028176",0.856279375163057,-0.440576949006751,"Lrrc7","3","leucine rich repeat containing 7","brown"
"ENSMUSG00000028527",0.814650628954625,-0.357668184842126,"Ak4","4","adenylate kinase 4","brown"
"ENSMUSG00000029050",0.922067380940449,-0.358715595116179,"Ski","4","ski sarcoma viral oncogene homolog (avian)","brown"
"ENSMUSG00000029231",0.827713023260706,-0.212820474638699,"Pdgfra","5","platelet derived growth factor receptor, alpha polypeptide","brown"
"ENSMUSG00000029406",0.876354122482432,-0.372023316119878,"Pitpnm2","5","phosphatidylinositol transfer protein, membrane-associated 2","brown"
"ENSMUSG00000029471",0.851473941220301,-0.230290230847071,"Camkk2","5","calcium/calmodulin-dependent protein kinase kinase 2, beta","brown"
"ENSMUSG00000029673",0.869555452290132,-0.357724986550905,"Auts2","5","autism susceptibility candidate 2","brown"
"ENSMUSG00000030134",0.890234670978187,-0.341482403502483,"Rasgef1a","6","RasGEF domain family, member 1A","brown"
"ENSMUSG00000030209",0.94785765441524,-0.444765298801665,"Grin2b","6","glutamate receptor, ionotropic, NMDA2B (epsilon 2)","brown"
"ENSMUSG00000030465",0.909368787763908,-0.290504881494743,"Psd3","8","pleckstrin and Sec7 domain containing 3","brown"
"ENSMUSG00000030854",0.830212019933801,-0.352732108495222,"Ptpn5","7","protein tyrosine phosphatase, non-receptor type 5","brown"
"ENSMUSG00000030905",0.856919547907408,-0.289921620164303,"Crym","7","crystallin, mu","brown"
"ENSMUSG00000030917",0.801888870054594,-0.299496077489927,"Tmem159","7","transmembrane protein 159","brown"
"ENSMUSG00000031626",0.94478589278084,-0.353071113196254,"Sorbs2","8","sorbin and SH3 domain containing 2","brown"
"ENSMUSG00000031778",0.831070523192409,-0.246306925337679,"Cx3cl1","8","chemokine (C-X3-C motif) ligand 1","brown"
"ENSMUSG00000032012",0.816968148524999,-0.21416382060239,"Nectin1","9","nectin cell adhesion molecule 1","brown"
"ENSMUSG00000032174",0.929845114391498,-0.381616248669034,"Icam5","9","intercellular adhesion molecule 5, telencephalin","brown"
"ENSMUSG00000032224",0.820440819109681,-0.385790841181797,"Fam81a","9","family with sequence similarity 81, member A","brown"
"ENSMUSG00000032402",0.94800579849833,-0.238851502974987,"Smad3","9","SMAD family member 3","brown"
"ENSMUSG00000032500",0.855008021821459,-0.424889948196702,"Dclk3","9","doublecortin-like kinase 3","brown"
"ENSMUSG00000032503",0.826259397664615,-0.264808864577918,"Arpp21","9","cyclic AMP-regulated phosphoprotein, 21","brown"
"ENSMUSG00000033060",0.83790354942991,-0.226240951903013,"Lmo7","14","LIM domain only 7","brown"
"ENSMUSG00000033066",0.87312516884126,-0.351755686866987,"Gas7","11","growth arrest specific 7","brown"
"ENSMUSG00000033594",0.862805718797094,-0.541383157707596,"Spata2l","8","spermatogenesis associated 2-like","brown"
"ENSMUSG00000033726",0.832901895356168,-0.309261950662496,"Emx1","6","empty spiracles homeobox 1","brown"
"ENSMUSG00000033730",0.898276693734678,-0.436853544346627,"Egr3","14","early growth response 3","brown"
"ENSMUSG00000033965",0.876004318452627,-0.367804505734483,"Slc16a2","X","solute carrier family 16 (monocarboxylic acid transporters), member 2","brown"
"ENSMUSG00000034413",0.870035344104435,-0.364555585631321,"Neurl1b","17","neuralized E3 ubiquitin protein ligase 1B","brown"
"ENSMUSG00000034480",0.911267107785466,-0.332392505201984,"Diaph2","X","diaphanous related formin 2","brown"
"ENSMUSG00000034675",0.858560571872528,-0.300071709301838,"Dbn1","13","drebrin 1","brown"
"ENSMUSG00000034799",0.802234386136147,-0.506354393809059,"Unc13a","8","unc-13 homolog A","brown"
"ENSMUSG00000035954",0.863300276464316,-0.206087601007694,"Dock4","12","dedicator of cytokinesis 4","brown"
"ENSMUSG00000036304",0.816717671960561,-0.22746592519456,"Zdhhc23","16","zinc finger, DHHC domain containing 23","brown"
"ENSMUSG00000036882",0.900814688438079,-0.314738991552225,"Arhgap33","7","Rho GTPase activating protein 33","brown"
"ENSMUSG00000036894",0.865451731819155,-0.312970452384699,"Rap2b","3","RAP2B, member of RAS oncogene family","brown"
"ENSMUSG00000037541",0.854142268725103,-0.328252895889594,"Shank2","7","SH3 and multiple ankyrin repeat domains 2","brown"
"ENSMUSG00000038244",0.867090266265387,-0.331159326519965,"Mical2","7","microtubule associated monooxygenase, calponin and LIM domain containing 2","brown"
"ENSMUSG00000038248",0.884891085729187,-0.270652392085877,"Sobp","10","sine oculis binding protein","brown"
"ENSMUSG00000038807",0.864726650782244,-0.23826019852423,"Rap1gap2","11","RAP1 GTPase activating protein 2","brown"
"ENSMUSG00000039058",0.947325262082774,-0.337552996122968,"Ak5","3","adenylate kinase 5","brown"
"ENSMUSG00000040563",0.849867003663483,-0.340328215126928,"Plppr2","9","phospholipid phosphatase related 2","brown"
"ENSMUSG00000040612",0.928460328587594,-0.231451448159398,"Ildr2","1","immunoglobulin-like domain containing receptor 2","brown"
"ENSMUSG00000040640",0.853604832722003,-0.393302533826239,"Erc2","14","ELKS/RAB6-interacting/CAST family member 2","brown"
"ENSMUSG00000041703",0.931199331065761,-0.265117177734628,"Zic5","14","zinc finger protein of the cerebellum 5","brown"
"ENSMUSG00000041773",0.885488276007422,-0.327618517264706,"Enc1","13","ectodermal-neural cortex 1","brown"
"ENSMUSG00000042249",0.80743468010488,-0.331085076420102,"Grk3","5","G protein-coupled receptor kinase 3","brown"
"ENSMUSG00000042700",0.810324493898245,-0.373048716379934,"Sipa1l1","12","signal-induced proliferation-associated 1 like 1","brown"
"ENSMUSG00000043079",0.858409691843972,-0.373051232839335,"Synpo","18","synaptopodin","brown"
"ENSMUSG00000043668",0.83877888920854,-0.205421857009646,"Tox3","8","TOX high mobility group box family member 3","brown"
"ENSMUSG00000044167",0.83474631536944,-0.356033757361791,"Foxo1","3","forkhead box O1","brown"
"ENSMUSG00000044216",0.867070730223784,-0.338557388792841,"Kcnj4","15","potassium inwardly-rectifying channel, subfamily J, member 4","brown"
"ENSMUSG00000044629",0.806246551692577,-0.359968327542239,"Cnrip1","11","cannabinoid receptor interacting protein 1","brown"
"ENSMUSG00000044667",0.947957812446415,-0.386405259554419,"Plppr4","3","phospholipid phosphatase related 4","brown"
"ENSMUSG00000044912",0.915856278370418,-0.244945809363013,"Syt16","12","synaptotagmin XVI","brown"
"ENSMUSG00000045038",0.94794689382754,-0.371594321687093,"Prkce","17","protein kinase C, epsilon","brown"
"ENSMUSG00000045589",0.8687343652466,-0.339581789333584,"Frrs1l","4","ferric-chelate reductase 1 like","brown"
"ENSMUSG00000046230",0.800120744578561,-0.29012557179905,"Vps13a","19","vacuolar protein sorting 13A","brown"
"ENSMUSG00000046818",0.802865347336546,-0.203509042715393,"Ddit4l","3","DNA-damage-inducible transcript 4-like","brown"
"ENSMUSG00000048482",0.895705041067819,-0.391870105054212,"Bdnf","2","brain derived neurotrophic factor","brown"
"ENSMUSG00000048644",0.808047462127869,-0.275611802808473,"Ctxn1","8","cortexin 1","brown"
"ENSMUSG00000049583",0.899660897428997,-0.284051007160186,"Grm5","7","glutamate receptor, metabotropic 5","brown"
"ENSMUSG00000049892",0.807012826993684,-0.23054820683335,"Rasd1","11","RAS, dexamethasone-induced 1","brown"
"ENSMUSG00000050074",0.839332784723225,-0.278335560710516,"Spink8","9","serine peptidase inhibitor, Kazal type 8","brown"
"ENSMUSG00000050164",0.824455201579752,-0.359101428209607,"Mchr1","15","melanin-concentrating hormone receptor 1","brown"
"ENSMUSG00000050821",0.932210087287457,-0.214692884977434,"Fam131a","16","family with sequence similarity 131, member A","brown"
"ENSMUSG00000050967",0.846526278288497,-0.251147099231666,"Creg2","1","cellular repressor of E1A-stimulated genes 2","brown"
"ENSMUSG00000051726",0.80679339594874,-0.267582421718871,"Kcnf1","12","potassium voltage-gated channel, subfamily F, member 1","brown"
"ENSMUSG00000051853",0.84476096136349,-0.263321938349238,"Arf3","15","ADP-ribosylation factor 3","brown"
"ENSMUSG00000052087",0.814917522596941,-0.232937053961507,"Rgs14","13","regulator of G-protein signaling 14","brown"
"ENSMUSG00000052155",0.849663713734755,-0.359326199603563,"Acvr2a","2","activin receptor IIA","brown"
"ENSMUSG00000053963",0.895690852464346,-0.328100784280383,"Stum","1","mechanosensory transduction mediator","brown"
"ENSMUSG00000056211",0.886678793305347,-0.357349857133032,"R3hdm1","1","R3H domain containing 1","brown"
"ENSMUSG00000057715",0.885767768390022,-0.380081996760913,"A830018L16Rik","1","RIKEN cDNA A830018L16 gene","brown"
"ENSMUSG00000058624",0.846910946535301,-0.222403163608628,"Gda","19","guanine deaminase","brown"
"ENSMUSG00000058756",0.906026383412157,-0.302427328540476,"Thra","11","thyroid hormone receptor alpha","brown"
"ENSMUSG00000059003",0.945515691267379,-0.396003392089651,"Grin2a","16","glutamate receptor, ionotropic, NMDA2A (epsilon 1)","brown"
"ENSMUSG00000059213",0.955869340681087,-0.32001080669609,"Ddn","15","dendrin","brown"
"ENSMUSG00000059456",0.894771746321033,-0.373326902969928,"Ptk2b","14","PTK2 protein tyrosine kinase 2 beta","brown"
"ENSMUSG00000061524",0.804975276173983,-0.274665911441419,"Zic2","14","zinc finger protein of the cerebellum 2","brown"
"ENSMUSG00000061689",0.807280749876893,-0.391896547595799,"Dlgap4","2","DLG associated protein 4","brown"
"ENSMUSG00000063049",0.821224041525032,-0.314609461379446,"Ing2","8","inhibitor of growth family, member 2","brown"
"ENSMUSG00000063052",0.854939256253795,-0.391331773772836,"Lrrc40","3","leucine rich repeat containing 40","brown"
"ENSMUSG00000063142",0.947034449308295,-0.372762388873018,"Kcnma1","14","potassium large conductance calcium-activated channel, subfamily M, alpha member 1","brown"
"ENSMUSG00000063358",0.957013479592841,-0.206053054280511,"Mapk1","16","mitogen-activated protein kinase 1","brown"
"ENSMUSG00000065954",0.906583061260834,-0.359058828583725,"Tacc1","8","transforming, acidic coiled-coil containing protein 1","brown"
"ENSMUSG00000069171",0.803654668520079,-0.268550965484261,"Nr2f1","13","nuclear receptor subfamily 2, group F, member 1","brown"
"ENSMUSG00000071265",0.838284700213677,-0.223211507742529,"1700086L19Rik","12","RIKEN cDNA 1700086L19 gene","brown"
"ENSMUSG00000071719",0.803968755507781,-0.567253271384141,"Tmem28","X","transmembrane protein 28","brown"
"ENSMUSG00000074923",0.900252928598369,-0.34344670665661,"Pak6","2","p21 (RAC1) activated kinase 6","brown"
"ENSMUSG00000079056",0.824489222296551,-0.246183224147305,"Kcnip3","2","Kv channel interacting protein 3, calsenilin","brown"
"ENSMUSG00000000263",0.810048777297693,0.281275927411243,"Glra1","11","glycine receptor, alpha 1 subunit","yellow"
"ENSMUSG00000002265",0.883732806470241,0.323614130757054,"Peg3","7","paternally expressed 3","yellow"
"ENSMUSG00000006342",0.833078144035123,0.271549402109293,"Susd2","10","sushi domain containing 2","yellow"
"ENSMUSG00000015396",0.803479261903496,0.263945344577814,"Cd83","13","CD83 antigen","yellow"
"ENSMUSG00000015709",0.834203300149737,0.225088488476279,"Arnt2","7","aryl hydrocarbon receptor nuclear translocator 2","yellow"
"ENSMUSG00000017417",0.825593218859989,0.333627004715222,"Plxdc1","11","plexin domain containing 1","yellow"
"ENSMUSG00000018822",0.885874425303332,0.225922086776623,"Sfrp5","19","secreted frizzled-related sequence protein 5","yellow"
"ENSMUSG00000019124",0.881509245539694,0.237053028777394,"Scrn1","6","secernin 1","yellow"
"ENSMUSG00000020230",0.846197760448884,0.319197806759599,"Prmt2","10","protein arginine N-methyltransferase 2","yellow"
"ENSMUSG00000020601",0.8314898974068,0.295328597226864,"Trib2","12","tribbles pseudokinase 2","yellow"
"ENSMUSG00000021047",0.90263769165844,0.332871461261854,"Nova1","12","NOVA alternative splicing regulator 1","yellow"
"ENSMUSG00000021474",0.828897009791466,0.264559707710502,"Sfxn1","13","sideroflexin 1","yellow"
"ENSMUSG00000021838",0.836956543458312,0.317156724372328,"Samd4","14","sterile alpha motif domain containing 4","yellow"
"ENSMUSG00000021982",0.881128457977025,0.211648379878395,"Cdadc1","14","cytidine and dCMP deaminase domain containing 1","yellow"
"ENSMUSG00000022629",0.872625232699505,0.423414352245283,"Kif21a","15","kinesin family member 21A","yellow"
"ENSMUSG00000022935",0.804139560389435,0.359566491389437,"Grik1","16","glutamate receptor, ionotropic, kainate 1","yellow"
"ENSMUSG00000024423",0.879189831824022,0.443187510586252,"Impact","18","impact, RWD domain protein","yellow"
"ENSMUSG00000024940",0.831776868307845,0.331101171290969,"Ltbp3","19","latent transforming growth factor beta binding protein 3","yellow"
"ENSMUSG00000025905",0.840859536781924,0.330295908086719,"Oprk1","1","opioid receptor, kappa 1","yellow"
"ENSMUSG00000026104",0.833400905785551,0.262436175592533,"Stat1","1","signal transducer and activator of transcription 1","yellow"
"ENSMUSG00000026458",0.870594347376891,0.253756826117018,"Ppfia4","1","protein tyrosine phosphatase, receptor type, f polypeptide (PTPRF), interacting protein (liprin), alpha 4","yellow"
"ENSMUSG00000026883",0.864529514963554,0.284051854584376,"Dab2ip","2","disabled 2 interacting protein","yellow"
"ENSMUSG00000029093",0.833687384661966,0.201126496848894,"Sorcs2","5","sortilin-related VPS10 domain containing receptor 2","yellow"
"ENSMUSG00000031026",0.82910931270226,0.276048084085228,"Trim66","7","tripartite motif-containing 66","yellow"
"ENSMUSG00000032042",0.815461009843833,0.325437093812871,"Srpr","9","signal recognition particle receptor ('docking protein')","yellow"
"ENSMUSG00000032890",0.928322490517162,0.370109962697349,"Rims3","4","regulating synaptic membrane exocytosis 3","yellow"
"ENSMUSG00000034245",0.874986301928684,0.340859920917422,"Hdac11","6","histone deacetylase 11","yellow"
"ENSMUSG00000037259",0.94410998979964,0.360480580458575,"Dzank1","2","double zinc ribbon and ankyrin repeat domains 1","yellow"
"ENSMUSG00000038127",0.824582089732524,0.390765348255068,"Ccdc50","16","coiled-coil domain containing 50","yellow"
"ENSMUSG00000038295",0.827479189623369,0.266629326044012,"Atg9b","5","autophagy related 9B","yellow"
"ENSMUSG00000039385",0.815708084036903,0.408972837198784,"Cdh6","15","cadherin 6","yellow"
"ENSMUSG00000040097",0.838734131297509,0.390545492582742,"Flywch1","17","FLYWCH-type zinc finger 1","yellow"
"ENSMUSG00000040258",0.889359058366889,0.273333409078124,"Nxph4","10","neurexophilin 4","yellow"
"ENSMUSG00000041423",0.855769618726581,0.302070965749447,"Paqr6","3","progestin and adipoQ receptor family member VI","yellow"
"ENSMUSG00000041645",0.800734536771706,0.473403081173076,"Ddx24","12","DEAD box helicase 24","yellow"
"ENSMUSG00000042804",0.872058005969503,0.295322034233436,"Gpr153","4","G protein-coupled receptor 153","yellow"
"ENSMUSG00000043154",0.916009914372992,0.34488888450053,"Ppp2r3a","9","protein phosphatase 2, regulatory subunit B'', alpha","yellow"
"ENSMUSG00000043388",0.818534169514443,0.310987184538351,"Tmem130","5","transmembrane protein 130","yellow"
"ENSMUSG00000044149",0.867774657800439,0.321339707454289,"Nkrf","X","NF-kappaB repressing factor","yellow"
"ENSMUSG00000044365",0.910033434782693,0.473205165444046,"Cxxc4","3","CXXC finger 4","yellow"
"ENSMUSG00000046844",0.893602174483595,0.269615643608164,"Vat1l","8","vesicle amine transport protein 1 like","yellow"
"ENSMUSG00000047261",0.888344106883181,0.391422291688788,"Gap43","16","growth associated protein 43","yellow"
"ENSMUSG00000047907",0.810669082446941,0.279048573770058,"Tshz2","2","teashirt zinc finger family member 2","yellow"
"ENSMUSG00000050069",0.812425925625088,0.398057046671236,"Grem2","1","gremlin 2, DAN family BMP antagonist","yellow"
"ENSMUSG00000054459",0.837839398816835,0.314322071398501,"Vsnl1","12","visinin-like 1","yellow"
"ENSMUSG00000055026",0.884557765436628,0.206723868511084,"Gabrg3","7","gamma-aminobutyric acid (GABA) A receptor, subunit gamma 3","yellow"
"ENSMUSG00000061576",0.826091815926605,0.284329266065353,"Dpp6","5","dipeptidylpeptidase 6","yellow"
"ENSMUSG00000061887",0.849564794340648,0.219301444448715,"Ssbp3","4","single-stranded DNA binding protein 3","yellow"
"ENSMUSG00000062257",0.800345270303476,0.244963020898809,"Opcml","9","opioid binding protein/cell adhesion molecule-like","yellow"
"ENSMUSG00000072966",0.865266649682686,0.319894314430304,"Gprasp2","X","G protein-coupled receptor associated sorting protein 2","yellow"
"ENSMUSG00000094500",0.863366905169776,0.242721472447629,"Smim18","8","small integral membrane protein 18","yellow"
"ENSMUSG00000002981",0.824625839977158,0.244591673612047,"Clptm1","7","cleft lip and palate associated transmembrane protein 1","greenyellow"
"ENSMUSG00000003380",0.895899529415948,0.275926037327123,"Rabac1","7","Rab acceptor 1 (prenylated)","greenyellow"
"ENSMUSG00000010064",0.801029487902091,0.236714061908036,"Slc38a3","9","solute carrier family 38, member 3","greenyellow"
"ENSMUSG00000017188",0.854143050505293,0.235521823067093,"Coa3","11","cytochrome C oxidase assembly factor 3","greenyellow"
"ENSMUSG00000018565",0.866589799697565,0.23959644654507,"Elp5","11","elongator acetyltransferase complex subunit 5","greenyellow"
"ENSMUSG00000021957",0.812294930296037,0.269187386064797,"Tkt","14","transketolase","greenyellow"
"ENSMUSG00000024063",0.808224389000829,0.204997077064111,"Lbh","17","limb-bud and heart","greenyellow"
"ENSMUSG00000024944",0.860670894833282,0.295382717028479,"Arl2","19","ADP-ribosylation factor-like 2","greenyellow"
"ENSMUSG00000025290",0.843473929001351,0.309935040548133,"Rps24","14","ribosomal protein S24","greenyellow"
"ENSMUSG00000027706",0.831186478400313,0.28677498657396,"Sec62","3","SEC62 homolog (S. cerevisiae)","greenyellow"
"ENSMUSG00000028445",0.881678197958942,0.203923853141655,"Enho","4","energy homeostasis associated","greenyellow"
"ENSMUSG00000047264",0.818216649662896,0.291803108621483,"Zfp358","8","zinc finger protein 358","greenyellow"
"ENSMUSG00000049422",0.844791903988863,0.21017673529132,"Chchd10","10","coiled-coil-helix-coiled-coil-helix domain containing 10","greenyellow"
"ENSMUSG00000052428",0.806534109819928,0.247725025834364,"Tmco1","1","transmembrane and coiled-coil domains 1","greenyellow"
"ENSMUSG00000053119",0.83498186886117,0.282513299368913,"Chmp3","6","charged multivesicular body protein 3","greenyellow"
"ENSMUSG00000067925",0.809612081740707,0.345498023851591,"Rtl8a","X","retrotransposon Gag like 8A","greenyellow"
"ENSMUSG00000070697",0.856414342879199,0.233194923260578,"Utp3","5","UTP3 small subunit processome component","greenyellow"
"ENSMUSG00000003948",0.888556948404562,-0.36726284525203,"Mmd","11","monocyte to macrophage differentiation-associated","black"
"ENSMUSG00000005580",0.800635105084194,-0.323565498379395,"Adcy9","16","adenylate cyclase 9","black"
"ENSMUSG00000005583",0.932800288929332,-0.384597902056603,"Mef2c","13","myocyte enhancer factor 2C","black"
"ENSMUSG00000007207",0.843815862875773,-0.206613038565957,"Stx1a","5","syntaxin 1A (brain)","black"
"ENSMUSG00000009013",0.845941220718872,-0.279434067507399,"Dynll1","5","dynein light chain LC8-type 1","black"
"ENSMUSG00000009376",0.830296002874978,-0.220813281907625,"Met","6","met proto-oncogene","black"
"ENSMUSG00000020027",0.845936816807257,-0.318597672191007,"Socs2","10","suppressor of cytokine signaling 2","black"
"ENSMUSG00000020181",0.843662201101801,-0.416820063504742,"Nav3","10","neuron navigator 3","black"
"ENSMUSG00000020431",0.855281064846988,-0.281788372894484,"Adcy1","11","adenylate cyclase 1","black"
"ENSMUSG00000020823",0.801924622295208,-0.235854011223314,"Sec14l1","11","SEC14-like lipid binding 1","black"
"ENSMUSG00000022285",0.830813684143156,-0.253200770179177,"Ywhaz","15","tyrosine 3-monooxygenase/tryptophan 5-monooxygenase activation protein, zeta polypeptide","black"
"ENSMUSG00000022286",0.83447168725773,-0.505314804030719,"Grhl2","15","grainyhead like transcription factor 2","black"
"ENSMUSG00000022332",0.893059500751505,-0.456162710982795,"Khdrbs3","15","KH domain containing, RNA binding, signal transduction associated 3","black"
"ENSMUSG00000022421",0.883472173595895,-0.310976676405022,"Nptxr","15","neuronal pentraxin receptor","black"
"ENSMUSG00000022761",0.840931013038173,-0.200880236215008,"Lztr1","16","leucine-zipper-like transcriptional regulator, 1","black"
"ENSMUSG00000025889",0.911471593585483,-0.380609149120575,"Snca","6","synuclein, alpha","black"
"ENSMUSG00000026000",0.859690401645252,-0.319958949823053,"Lancl1","1","LanC (bacterial lantibiotic synthetase component C)-like 1","black"
"ENSMUSG00000026514",0.846144852375198,-0.428908008394262,"Cnih3","1","cornichon family AMPA receptor auxiliary protein 3","black"
"ENSMUSG00000029151",0.906719198429898,-0.200146568584827,"Slc30a3","5","solute carrier family 30 (zinc transporter), member 3","black"
"ENSMUSG00000029153",0.883526387205155,-0.203094055585162,"Ociad2","5","OCIA domain containing 2","black"
"ENSMUSG00000030123",0.814247522764913,-0.236226888976086,"Plxnd1","6","plexin D1","black"
"ENSMUSG00000030350",0.868182192369225,-0.26143321028934,"Prmt8","6","protein arginine N-methyltransferase 8","black"
"ENSMUSG00000030707",0.858142626658687,-0.276828501706763,"Coro1a","7","coronin, actin binding protein 1A","black"
"ENSMUSG00000031078",0.854496182602842,-0.266174974036634,"Cttn","7","cortactin","black"
"ENSMUSG00000032010",0.834653758631117,-0.28467605110442,"Usp2","9","ubiquitin specific peptidase 2","black"
"ENSMUSG00000032355",0.864560769525575,-0.221750291796178,"Mlip","9","muscular LMNA-interacting protein","black"
"ENSMUSG00000032589",0.821774194025833,-0.345813475981538,"Bsn","9","bassoon","black"
"ENSMUSG00000032966",0.81564764000301,-0.32324606373876,"Fkbp1a","2","FK506 binding protein 1a","black"
"ENSMUSG00000034171",0.870055138847146,-0.349322468849125,"Faah","4","fatty acid amide hydrolase","black"
"ENSMUSG00000035168",0.821080057419275,-0.270697796815302,"Tanc1","2","tetratricopeptide repeat, ankyrin repeat and coiled-coil containing 1","black"
"ENSMUSG00000035456",0.881275079227228,-0.290008380725564,"Prdm8","5","PR domain containing 8","black"
"ENSMUSG00000037972",0.809914105550656,-0.206922543180999,"Snn","16","stannin","black"
"ENSMUSG00000038255",0.917073750811511,-0.275266647654952,"Neurod2","11","neurogenic differentiation 2","black"
"ENSMUSG00000039037",0.898611989093149,-0.282991659005683,"St6galnac5","3","ST6 (alpha-N-acetyl-neuraminyl-2,3-beta-galactosyl-1,3)-N-acetylgalactosaminide alpha-2,6-sialyltransferase 5","black"
"ENSMUSG00000040479",0.826931036064739,-0.253279482990007,"Dgkz","2","diacylglycerol kinase zeta","black"
"ENSMUSG00000041468",0.893629782542063,-0.311172174536204,"Gpr12","5","G-protein coupled receptor 12","black"
"ENSMUSG00000045287",0.932288958127733,-0.210185802069581,"Rtn4rl1","11","reticulon 4 receptor-like 1","black"
"ENSMUSG00000045733",0.91632167463149,-0.251599474264662,"Sprn","7","shadow of prion protein","black"
"ENSMUSG00000048076",0.822233699911687,-0.254858675166151,"Arf1","11","ADP-ribosylation factor 1","black"
"ENSMUSG00000048251",0.89511543613503,-0.373767947717632,"Bcl11b","12","B cell leukemia/lymphoma 11B","black"
"ENSMUSG00000048458",0.877472899559383,-0.450118307184416,"Inka2","3","inka box actin regulator 2","black"
"ENSMUSG00000049556",0.922505254605485,-0.387344259351191,"Lingo1","9","leucine rich repeat and Ig domain containing 1","black"
"ENSMUSG00000050751",0.877499249110577,-0.313881058780581,"Pgbd5","8","piggyBac transposable element derived 5","black"
"ENSMUSG00000052373",0.884204162873975,-0.328138822310487,"Mpp3","11","membrane protein, palmitoylated 3 (MAGUK p55 subfamily member 3)","black"
"ENSMUSG00000053477",0.921792801425668,-0.398216794431779,"Tcf4","18","transcription factor 4","black"
"ENSMUSG00000055805",0.858009623061446,-0.254874644676097,"Fmnl1","11","formin-like 1","black"
"ENSMUSG00000058420",0.906402768518605,-0.252122910474486,"Syt17","7","synaptotagmin XVII","black"
"ENSMUSG00000061751",0.943855340425745,-0.345121134363832,"Kalrn","16","kalirin, RhoGEF kinase","black"
"ENSMUSG00000063659",0.915119203001525,-0.272995276445376,"Zbtb18","1","zinc finger and BTB domain containing 18","black"
"ENSMUSG00000067879",0.835315030151103,-0.234499754620755,"Vxn","1","vexin","black"
"ENSMUSG00000068037",0.882657265400612,-0.290515323042621,"Mas1","17","MAS1 oncogene","black"
"ENSMUSG00000070570",0.931818590278618,-0.350592808143518,"Slc17a7","7","solute carrier family 17 (sodium-dependent inorganic phosphate cotransporter), member 7","black"
"ENSMUSG00000071379",0.888722996490283,-0.323031837655756,"Hpcal1","12","hippocalcin-like 1","black"
"ENSMUSG00000079003",0.903342222206752,-0.206682658737955,"Samd1","8","sterile alpha motif domain containing 1","black"
"ENSMUSG00000086040",0.877947318321699,-0.41758662396858,"Wipf3","6","WAS/WASL interacting protein family, member 3","black"
"ENSMUSG00000089809",0.81660355565916,-0.280852046729765,"Rasgef1b","5","RasGEF domain family, member 1B","black"
"ENSMUSG00000001300",0.815477692567072,-0.299813494317617,"Efnb2","8","ephrin B2","lightgreen"
"ENSMUSG00000004383",0.808140463192896,-0.272915640895709,"Large1","8","LARGE xylosyl- and glucuronyltransferase 1","lightgreen"
"ENSMUSG00000007617",0.87059950671438,-0.2905120225769,"Homer1","13","homer scaffolding protein 1","lightgreen"
"ENSMUSG00000015501",0.860363664786211,-0.353278172707908,"Hivep2","10","human immunodeficiency virus type I enhancer binding protein 2","lightgreen"
"ENSMUSG00000019790",0.834367490170395,-0.218246254765825,"Stxbp5","10","syntaxin binding protein 5 (tomosyn)","lightgreen"
"ENSMUSG00000024539",0.895278609534545,-0.377984528074392,"Ptpn2","18","protein tyrosine phosphatase, non-receptor type 2","lightgreen"
"ENSMUSG00000030729",0.889595810746409,-0.302963315651316,"Pgm2l1","7","phosphoglucomutase 2-like 1","lightgreen"
"ENSMUSG00000034164",0.8759116423289,-0.292122661831975,"Emid1","11","EMI domain containing 1","lightgreen"
"ENSMUSG00000039579",0.853412599102114,-0.294151855038565,"Grin3a","4","glutamate receptor ionotropic, NMDA3A","lightgreen"
"ENSMUSG00000052384",0.848427694519391,-0.48375671769719,"Nrros","16","negative regulator of reactive oxygen species","lightgreen"
"ENSMUSG00000074305",0.828145237227682,-0.245907282888433,"Peak1","9","pseudopodium-enriched atypical kinase 1","lightgreen"
"ENSMUSG00000078816",0.839677892253477,-0.243366272155188,"Prkcg","7","protein kinase C, gamma","lightgreen"
"ENSMUSG00000002578",0.839868067611645,-0.236064772496949,"Ikzf4","10","IKAROS family zinc finger 4","blue"
"ENSMUSG00000002668",0.894488287049807,-0.206741117725687,"Dennd1c","17","DENN/MADD domain containing 1C","blue"
"ENSMUSG00000004113",0.940676920588949,-0.287106337312061,"Cacna1b","2","calcium channel, voltage-dependent, N type, alpha 1B subunit","blue"
"ENSMUSG00000019876",0.818807322284919,-0.314364378036477,"Pkib","10","protein kinase inhibitor beta, cAMP dependent, testis specific","blue"
"ENSMUSG00000020255",0.875865474078724,-0.263260969451442,"Nopchap1","10","NOP protein chaperone 1","blue"
"ENSMUSG00000021140",0.87645048578272,-0.201182307803082,"Pcnx","12","pecanex homolog","blue"
"ENSMUSG00000021180",0.848187499643065,-0.205881876767204,"Rps6ka5","12","ribosomal protein S6 kinase, polypeptide 5","blue"
"ENSMUSG00000021514",0.890754642222384,-0.20372173206407,"Zfp369","13","zinc finger protein 369","blue"
"ENSMUSG00000022311",0.807336631714029,-0.233494676417518,"Csmd3","15","CUB and Sushi multiple domains 3","blue"
"ENSMUSG00000025949",0.802054533516529,-0.356536151241186,"Pikfyve","1","phosphoinositide kinase, FYVE type zinc finger containing","blue"
"ENSMUSG00000026463",0.834129257096376,-0.221646592243749,"Atp2b4","1","ATPase, Ca++ transporting, plasma membrane 4","blue"
"ENSMUSG00000029089",0.874841464127719,-0.231439276753009,"5730480H06Rik","5","RIKEN cDNA 5730480H06 gene","blue"
"ENSMUSG00000029530",0.864283946761769,-0.202020238616562,"Ccr9","9","chemokine (C-C motif) receptor 9","blue"
"ENSMUSG00000030074",0.827631282454257,-0.388200831585402,"Gxylt2","6","glucoside xylosyltransferase 2","blue"
"ENSMUSG00000030592",0.849251766666428,-0.296206175801665,"Ryr1","7","ryanodine receptor 1, skeletal muscle","blue"
"ENSMUSG00000030978",0.837054574694835,-0.256544006387649,"Rrm1","7","ribonucleotide reductase M1","blue"
"ENSMUSG00000033147",0.818985633325202,-0.293797568357024,"Slc22a15","3","solute carrier family 22 (organic anion/cation transporter), member 15","blue"
"ENSMUSG00000034973",0.883430534259928,-0.279794649720783,"Dop1a","9","DOP1 leucine zipper like protein A","blue"
"ENSMUSG00000037112",0.86167784867908,-0.366232680463885,"Sik2","9","salt inducible kinase 2","blue"
"ENSMUSG00000037674",0.833682302891197,-0.242544817920153,"Rfx7","9","regulatory factor X, 7","blue"
"ENSMUSG00000037994",0.851613387853842,-0.27771104193097,"Slc9b2","3","solute carrier family 9, subfamily B (NHA2, cation proton antiporter 2), member 2","blue"
"ENSMUSG00000038774",0.849271652830824,-0.223732226524726,"Ascc3","10","activating signal cointegrator 1 complex subunit 3","blue"
"ENSMUSG00000038879",0.875007142773499,-0.404748237237212,"Nipal2","15","NIPA-like domain containing 2","blue"
"ENSMUSG00000041079",0.8304376983383,-0.254631228456013,"Rwdd2b","16","RWD domain containing 2B","blue"
"ENSMUSG00000041957",0.859941813215628,-0.302850534630632,"Pkp2","16","plakophilin 2","blue"
"ENSMUSG00000044390",0.814801232764724,-0.269219924622684,"Tigd3","19","tigger transposable element derived 3","blue"
"ENSMUSG00000046678",0.82532543796576,-0.367365272936358,"Olfr981","9","olfactory receptor 981","blue"
"ENSMUSG00000046881",0.853289038404016,-0.212458161316318,"Olfr374","8","olfactory receptor 374","blue"
"ENSMUSG00000047031",0.802107398546263,-0.232187392811978,"Vmn1r68","7","vomeronasal 1 receptor 68","blue"
"ENSMUSG00000048080",0.806467146586854,-0.239796590805078,"Olfr731","14","olfactory receptor 731","blue"
"ENSMUSG00000048620",0.879182294190077,-0.287586197332545,"Olfr1336","7","olfactory receptor 1336","blue"
"ENSMUSG00000051003",0.864257397373225,-0.245237897504709,"Olfr161","16","olfactory receptor 161","blue"
"ENSMUSG00000052748",0.803339747721844,-0.344145727683349,"Swt1","1","SWT1 RNA endoribonuclease homolog (S. cerevisiae)","blue"
"ENSMUSG00000053550",0.832181896471859,-0.268535567212245,"Shisa7","7","shisa family member 7","blue"
"ENSMUSG00000055088",0.814160378482014,-0.279072494120883,"Olfr354","2","olfactory receptor 354","blue"
"ENSMUSG00000056268",0.860331017379066,-0.413224240794722,"Dennd1b","1","DENN/MADD domain containing 1B","blue"
"ENSMUSG00000057981",0.831446367425466,-0.337370793016154,"Vmn1r12","6","vomeronasal 1 receptor 12","blue"
"ENSMUSG00000061653",0.878673590977959,-0.326808862624921,"Vmn1r46","6","vomeronasal 1 receptor 46","blue"
"ENSMUSG00000064006",0.805577811863232,-0.225221262177199,"Olfr190","16","olfactory receptor 190","blue"
"ENSMUSG00000066263",0.859864352169487,-0.242567875856677,"Olfr639","7","olfactory receptor 639","blue"
"ENSMUSG00000066269",0.920436376030438,-0.34396033532699,"Olfr575","7","olfactory receptor 575","blue"
"ENSMUSG00000069793",0.921058286779375,-0.289534985533815,"Slfn9","11","schlafen 9","blue"
"ENSMUSG00000070815",0.921765583851326,-0.383531052127095,"Vmn1r87","7","vomeronasal 1 receptor 87","blue"
"ENSMUSG00000070817",0.817024101200047,-0.446759139841279,"Vmn1r85","7","vomeronasal 1 receptor 85","blue"
"ENSMUSG00000073896",0.894404340332387,-0.31646233563781,"Olfr716","7","olfactory receptor 716","blue"
"ENSMUSG00000075081",0.806071689030563,-0.261021875885873,"Olfr1247","2","olfactory receptor 1247","blue"
"ENSMUSG00000081945",0.870690484708952,-0.317883245106294,"Olfr607","7","olfactory receptor 607","blue"
"ENSMUSG00000083587",0.831363721809343,-0.305548987297726,"Gm14741","X","predicted gene 14741","blue"
"ENSMUSG00000090362",0.862810832118384,-0.243965614290637,"Vmn2r79","7","vomeronasal 2, receptor 79","blue"
"ENSMUSG00000090655",0.92858646597219,-0.345679532397601,"Vmn2r120","17","vomeronasal 2, receptor 120","blue"
"ENSMUSG00000090762",0.817805862281795,-0.223402985687744,"Vmn2r56","7","vomeronasal 2, receptor 56","blue"
"ENSMUSG00000090966",0.862303960621136,-0.347041249263895,"Vmn2r116","17","vomeronasal 2, receptor 116","blue"
"ENSMUSG00000091076",0.915895263672169,-0.2615596640074,"Vmn2r115","17","vomeronasal 2, receptor 115","blue"
"ENSMUSG00000091239",0.883301401411846,-0.308495192733532,"Vmn2r76","7","vomeronasal 2, receptor 76","blue"
"ENSMUSG00000091382",0.905876014670987,-0.200113137769648,"Vmn1r18","6","vomeronasal 1 receptor 18","blue"
"ENSMUSG00000091407",0.851374687779474,-0.273012150501611,"Vmn2r117","17","vomeronasal 2, receptor 117","blue"
"ENSMUSG00000091631",0.854817883067091,-0.462019100193078,"Vmn2r95","17","vomeronasal 2, receptor 95","blue"
"ENSMUSG00000091945",0.912778724008405,-0.214532839663718,"Vmn2r114","17","vomeronasal 2, receptor 114","blue"
"ENSMUSG00000092032",0.875175522755329,-0.275374780429906,"Vmn2r59","7","vomeronasal 2, receptor 59","blue"
"ENSMUSG00000093382",0.842542735337,-0.285868820036553,"Vmn1r-ps14","6","vomeronasal 1 receptor, pseudogene 14","blue"
"ENSMUSG00000093942",0.900991292446773,-0.228259869148748,"Olfr46","7","olfactory receptor 46","blue"
"ENSMUSG00000094145",0.811616937096051,-0.250767717874651,"Vmn2r20","6","vomeronasal 2, receptor 20","blue"
"ENSMUSG00000094520",0.918753934309078,-0.235026886140235,"Olfr635","7","olfactory receptor 635","blue"
"ENSMUSG00000094747",0.904407911457505,-0.247826815829168,"Olfr1307","2","olfactory receptor 1307","blue"
"ENSMUSG00000094846",0.907887341875219,-0.255460631251639,"Olfr1487","19","olfactory receptor 1487","blue"
"ENSMUSG00000096002",0.933629407858337,-0.242483191629815,"Vmn2r53","7","vomeronasal 2, receptor 53","blue"
"ENSMUSG00000096289",0.870739950216591,-0.292631242346873,"Olfr1484","19","olfactory receptor 1484","blue"
"ENSMUSG00000098505",0.811267463656821,-0.407229475331646,"Gm14496","2","predicted gene 14496","blue"
"ENSMUSG00000102443",0.84046068916515,-0.324007548174653,"Gm37102","3","predicted gene, 37102","blue"
"ENSMUSG00000104377",0.92916030578318,-0.211068180389133,"Gm37515","3","predicted gene, 37515","blue"
"ENSMUSG00000106948",0.889453681568879,-0.31853707458716,"Gm42785","3","predicted gene 42785","blue"
"ENSMUSG00000108249",0.82980679106728,-0.275923990431112,"Gm43960","6","predicted gene, 43960","blue"
"ENSMUSG00000108265",0.839584169848692,-0.305486032466145,"Olfr318","11","olfactory receptor 318","blue"
"ENSMUSG00000109196",0.884490747974175,-0.300826503368655,"Gm44715","7","predicted gene 44715","blue"
"ENSMUSG00000110519",0.89323714792171,-0.294850471079934,"Olfr839-ps1","9","olfactory receptor 839, pseudogene 1","blue"
"ENSMUSG00000111023",0.876690512120671,-0.257823930963171,"Gm48391","9","predicted gene, 48391","blue"
"ENSMUSG00000111269",0.897390608062836,-0.223933532057164,"Gm47933","9","predicted gene, 47933","blue"
"ENSMUSG00000111590",0.852665679572254,-0.209683415163504,"Olfr1192-ps1","2","olfactory receptor 1192, pseudogene 1","blue"
"ENSMUSG00000111696",0.86140218694951,-0.350025106923223,"Gm47932","9","predicted gene, 47932","blue"
"ENSMUSG00000111917",0.852889738197096,-0.524586384406877,"Gm48793","12","predicted gene, 48793","blue"
"ENSMUSG00000112038",0.841397810767081,-0.304276961398698,"Gm47056","12","predicted gene, 47056","blue"
"ENSMUSG00000113004",0.920105245849194,-0.227551420984908,"Gm47951","13","predicted gene, 47951","blue"
"ENSMUSG00000113667",0.889968930281206,-0.295018320569074,"Gm47853","13","predicted gene, 47853","blue"
"ENSMUSG00000113795",0.890476492237271,-0.216295033976172,"Gm48119","12","predicted gene, 48119","blue"
"ENSMUSG00000113961",0.86110165489176,-0.281701029933211,"Gm48498","12","predicted gene, 48498","blue"
"ENSMUSG00000113978",0.859204327125065,-0.221555961961711,"Gm48260","13","predicted gene, 48260","blue"
"ENSMUSG00000114268",0.819829676784885,-0.323502716539792,NA,NA,NA,"blue"
"ENSMUSG00000114339",0.887672820512665,-0.220890725654564,"Gm47974","14","predicted gene, 47974","blue"
"ENSMUSG00000114574",0.852608017654817,-0.28810434190656,NA,NA,NA,"blue"
"ENSMUSG00000115020",0.832835940018936,-0.316859408351926,"Vmn1r218","13","vomeronasal 1 receptor 218","blue"
"ENSMUSG00000115027",0.899054544370845,-0.267293472125231,"Vmn1r81","7","vomeronasal 1 receptor 81","blue"
"ENSMUSG00000115267",0.830595607045263,-0.286570001592418,"Vmn1r76","7","vomeronasal 1 receptor 76","blue"
"ENSMUSG00000115697",0.842961706411833,-0.272135313188647,"Vmn1r216","13","vomeronasal 1 receptor 216","blue"
"ENSMUSG00000117148",0.863523611532888,-0.391498622810039,"Vmn1r229","17","vomeronasal 1 receptor 229","blue"
"ENSMUSG00000117853",0.868305012876272,-0.218503042090891,"Vmn1r88","7","vomeronasal 1 receptor, 88","blue"
"ENSMUSG00000118215",0.899476571514606,-0.274605655308167,"Vmn1r55","7","vomeronasal 1 receptor 55","blue"
"ENSMUSG00000118318",0.896414393076383,-0.293628297896981,"Vmn1r183","7","vomeronasal 1 receptor 183","blue"
"ENSMUSG00000000787",0.858968622295724,0.333559388787181,"Ddx3x","X","DEAD box helicase 3, X-linked","lightcyan"
"ENSMUSG00000002881",0.810729446091788,0.234155896718135,"Nab1","1","Ngfi-A binding protein 1","lightcyan"
"ENSMUSG00000020132",0.852470311459894,0.335114625373776,"Rab21","10","RAB21, member RAS oncogene family","lightcyan"
"ENSMUSG00000021096",0.923489601402154,0.365233716063152,"Ppm1a","12","protein phosphatase 1A, magnesium dependent, alpha isoform","lightcyan"
"ENSMUSG00000022076",0.913121406464241,0.33778685018594,"Klhl1","14","kelch-like 1","lightcyan"
"ENSMUSG00000024218",0.809461882874273,0.420838308643851,"Taf11","17","TATA-box binding protein associated factor 11","lightcyan"
"ENSMUSG00000024501",0.846849284393019,0.361295363626368,"Dpysl3","18","dihydropyrimidinase-like 3","lightcyan"
"ENSMUSG00000025255",0.840148192672905,0.270556796656677,"Zfhx4","3","zinc finger homeodomain 4","lightcyan"
"ENSMUSG00000025757",0.87160761421891,0.246083201584521,"Hspa4l","3","heat shock protein 4 like","lightcyan"
"ENSMUSG00000028532",0.878411448948898,0.274359601237462,"Cachd1","4","cache domain containing 1","lightcyan"
"ENSMUSG00000029754",0.828337681305515,0.317992426003503,"Dlx6","6","distal-less homeobox 6","lightcyan"
"ENSMUSG00000034295",0.823606453293072,0.469202149569426,"Fhod3","18","formin homology 2 domain containing 3","lightcyan"
"ENSMUSG00000035173",0.849758875862867,0.23749916453869,"Ccdc186","19","coiled-coil domain containing 186","lightcyan"
"ENSMUSG00000039943",0.860692322538617,0.292689252113741,"Plcb4","2","phospholipase C, beta 4","lightcyan"
"ENSMUSG00000040430",0.836566493518315,0.330000615688118,"Pitpnc1","11","phosphatidylinositol transfer protein, cytoplasmic 1","lightcyan"
"ENSMUSG00000049946",0.875328209075126,0.254561392273994,"BC030500","8","cDNA sequence BC030500","lightcyan"
"ENSMUSG00000082229",0.804295022677145,0.299392143396862,"Nap1l2","X","nucleosome assembly protein 1-like 2","lightcyan"
"ENSMUSG00000032187",0.823884500053147,0.207095775199639,"Smarca4","9","SWI/SNF related, matrix associated, actin dependent regulator of chromatin, subfamily a, member 4","tan"
"ENSMUSG00000034190",0.851630997457397,0.507935338278105,"Chmp7","14","charged multivesicular body protein 7","tan"
"ENSMUSG00000036093",0.837988292692809,0.241555480648477,"Arl5a","2","ADP-ribosylation factor-like 5A","tan"
"ENSMUSG00000039361",0.812963408536964,0.346761312882862,"Picalm","7","phosphatidylinositol binding clathrin assembly protein","tan"
"ENSMUSG00000046798",0.877134816667727,0.221073532354394,"Cldn12","5","claudin 12","tan"
"ENSMUSG00000056234",0.83202790032931,0.359867053658045,"Ncoa4","14","nuclear receptor coactivator 4","tan"
"ENSMUSG00000070730",0.836937709784204,0.29917435686091,"Rmdn3","2","regulator of microtubule dynamics 3","tan"
"ENSMUSG00000089682",0.860593087662562,0.211237462624621,"Bcl2l2","14","BCL2-like 2","tan"
